smiles,Pathway,Superclass,Class
C1(=O)[C@H](CC(=O)N)NC(=O)[C@H](C)NC(=O)[C@H](NC(=O)[C@@H]2CCCN2C([C@@H]3CS[C@H]([C@@H]4C(N[C@@H](CS[C@@H]([C@@H](NC(=O)[C@@H](NC(=O)[C@H]5N(C(=O)CN)CCC5)[C@@H](C)CC)C(=O)N[C@@H](Cc6ccccc6)C(=O)NCC(=O)N\C(=C/C)\C(=O)N4)C)C(=O)N[C@H](C(=O)NCC(=O)N\C(=C/C)\C(=O)N7[C@H](C(=O)N3)C[C@@H](O)C7)Cc8c[nH]c(cccc9)c89)=O)C)=O)CSC[C@@H](C(O)=O)NC(=O)[C@H](CO)NC(=O)[C@H](C(C)C)NC(=O)\C(=C\C)\N1,Amino acids and Peptides,Oligopeptides,RiPPs-Lanthipeptides
N(C(=O)CC(O)C(C)N)[C@@H]([C@H](O)C(=O)O)C(=O)N[C@H](CCCNC(=N)N)C(=O)N[C@H]([C@@H](O)C(=O)O)C(N[C@@H](CO)C(=O)N[C@@H](CCCN(O)C(=O)C)C(=O)N[C@]1([H])CCCN(O)C1=O)=O,Amino acids and Peptides,Oligopeptides,Linear peptides
NC(=O)C1=C(N)[C@@H](O)C[C@H](O)C1=O,,,
C1\C=C\C=C(/C)\C(=O)O[C@H](C(C)C)C\C=C(/C)\C=C(/C)\[C@H](O[C@H]2C[C@@](N)(C)[C@@H](O)[C@H](C)O2)[C@@H](CC)\C=C(/C)\[C@H]1O,Polyketides,Macrolides,Avermectins
[C@H]1(O)[C@]([H])([C@@]([H])([C@H](C)[C@@H](CC)C2)[C@]2([H])C3)[C@]3([H])[C@H]4[C@@H](\C=C\C(=O)C(C(=O)N5)=C(O)[C@]5([H])[C@@H](O)CCNC(=O)\C=C/C4)C1,Amino acids and Peptides,Macrolides,Macrocyclic tetramic acids
[C@H]1(O)[C@]([H])([C@@]([H])([C@H](C)[C@@H](CC)C2)[C@]2([H])C3)[C@]3([H])[C@H]4[C@@H](\C=C\C(=O)C(C(=O)N5)=C(O)[C@]5([H])CCCNC(=O)\C=C/C4)C1,Amino acids and Peptides,Macrolides,Macrocyclic tetramic acids
C1(=O)[C@]([H])([C@@]([H])([C@H](C)[C@@H](CC)C2)[C@]2([H])C3)[C@]3([H])[C@H]4[C@@H](\C=C\C(=O)C(C(=O)N5)=C(O)[C@]5([H])[C@@H](O)CCNC(=O)\C=C/C4)C1,Amino acids and Peptides,Macrolides,Macrocyclic tetramic acids
C1(=O)[C@]([H])([C@@]([H])([C@H](C)[C@@H](CC)C2)[C@]2([H])C3)[C@]3([H])[C@H]4[C@@H](\C=C\C(=O)C(C(=O)N5)=C(O)[C@]5([H])CCCNC(=O)\C=C/C4)C1,Amino acids and Peptides,Macrolides,Macrocyclic tetramic acids
C1(=O)[C@]([H])([C@@](O)([C@H](C)[C@@H](CC)C2)[C@]2([H])C3)[C@]3([H])[C@H]4[C@@H](\C=C\C(=O)C(C(=O)N5)=C(O)[C@]5([H])[C@@H](O)CCNC(=O)\C=C/C4)C1,Amino acids and Peptides,Macrolides,Macrocyclic tetramic acids
C1(=O)[C@]([H])([C@@](O)([C@H](C)[C@@H](CC)C2)[C@]2([H])C3)[C@]3([H])[C@H]4[C@@H](\C=C\C(=O)C(C(=O)N5)=C(O)[C@]5([H])CCCNC(=O)\C=C/C4)C1,Amino acids and Peptides,Macrolides,Macrocyclic tetramic acids
c1cc(C(=O)c(cc(C(=O)C[C@@](O)(C)C2)c2c3O)c3C4=O)c4c(O)c1,Polyketides,Polycyclic aromatic polyketides,Angucyclines
[C@@H]1([C@H](O)c(cc(Sc2cc([C@H](OC)c(c(OC)ccc3)c3[C@@H]4O)c4c(C(=O)C[C@@H](C)[C@@H]5O)c25)c([C@H](OC)c(c(OC)ccc6)c6[C@@H]7O)c78)c8C(=O)C1)C,,,
[C@@H]1([C@H](O)c(cc(Sc2cc([C@H](OC)c(c(OC)ccc3)c3[C@@H]4O)c4c(C(=O)C[C@@H](C)[C@@H]5O)c25)c([C@@H](O)c(c(OC)ccc6)c6C7=O)c78)c8C(=O)C1)C,Polyketides,Polycyclic aromatic polyketides,Angucyclines
c1cc(C(=O)C([C@@H](OC(=O)C2)[C@@H]2O[C@@H]3C)=C3C4=O)c4cc1[C@H]5C[C@@H](NC)[C@H](O)[C@@H](C)O5,Polyketides,Naphthalenes,Angucyclines
c1cc(C(O)=C2C(=CC3=C2[C@H](OC(=O)C)[C@@H](OC(=O)CCC(=O)O)[C@](C)(O)C3=O)C4=O)c4c(O)c1[C@H]5CC[C@H](O)[C@@H](C)O5,Polyketides,Polycyclic aromatic polyketides,Angucyclines
[C@H]1(O)[C@@H](C)[C@@H](CC[C@H](C)\C=C(\C[C@@H](C)C[C@H](C)[C@@](O)(C=C(C2=CC3=O)C4=C3O)O2)/C)O[C@@H]4[C@@H]1C,Polyketides,Macrolides,Ansa macrolides
[C@H]1(O)[C@@H](C)[C@@H](CC[C@H](C)\C=C(\C[C@@H](C)C[C@H](C)[C@@](O)(C(SC)=C(C2=CC3=O)C4=C3O)O2)/C)O[C@@H]4[C@@H]1C,Polyketides,Macrolides,Ansa macrolides
[C@H]1(O)[C@@H](C)[C@@H](CC[C@H](C)\C=C(\C[C@@H](C)C[C@H](C)[C@@](O)(C(SC[C@H](C(O)=O)NC(=O)C)=C(C2=CC3=O)C4=C3O)O2)/C)O[C@@H]4[C@@H]1C,Polyketides,Macrolides,Ansa macrolides
c1(nc(OC)c(OC)c(O)c1C)C\C=C(/C)\C\C(\C)=C\C(\C)=C\[C@@H](C)[C@@H](O)\C(\C)=C\C(=O)C,,,
c1(nc(OC)c(OC)c(O)c1C)C\C=C(/C)\C\C=C\C(=C)[C@@H]2[C@H](\C(=C\C)\C)[C@](C)(O)[C@H](O)[C@H]2C,,,
c1(nc(OC)c(OC)c(O)c1C)C\C=C(/C)\CC(=C)\C=C(/C)\[C@@H]2[C@H](\C(=C\C)\C)[C@](C)(O)[C@H](O)[C@H]2C,,,
c1(OC)c(O)c(C)c(C\C=C(/C)\C\C=C\C(\C)=C\[C@@H](C)[C@@H](O)\C=C\C)nc1OC,,,
c1(OC)c(O)c(C)c(C\C=C(/C)\C\C(\C)=C\C(\C)=C\[C@@H](C)[C@@H](O)\C(\C)=C\[C@](O)(C)[C@@H](O)C)nc1OC,Polyketides,Linear polyketides,Open-chain polyketides
C\C=C(\C(=O)[C@@H](\C=C(\C=C\C\C(=C\Cc(nc1OC)c(c(O)c1OC)C)\C)/C)C)/C,,,
c1(OC)c(O)c(C)c(C\C=C(/C)\C\C=C\C=C\[C@@H](C)[C@@H](O[C@H]2[C@H](O)[C@@H](O)[C@H](O)[C@@H](CO)O2)\C(\C)=C\C)nc1OC,,,
c1(OC)c(O)c(C)c(C\C=C(/C)\C\C=C\C=C\[C@@H](C)[C@@H](O[C@H]2[C@H](O)[C@@H](O)[C@H](O)[C@@H](CO)O2)\C(\C)=C\CO)nc1OC,,,
c1(OC)c(O)c(C)c(C\C=C(/C)\C\C=C\C(\C)=C\[C@@H](C)[C@@H](O[C@H]2[C@H](O)[C@@H](O)[C@H](O)[C@@H](CO[C@@H]3[C@H](O)[C@@H](O)[C@@H](O)[C@@H](CO)O3)O2)\C(\C)=C\CO)nc1OC,,,
c1(OC)c(O)c(C)c(C\C=C(/C)\C\C=C\C(\C)=C\[C@@H](C)[C@@H](O[C@H]2[C@H](O)[C@@H](O)[C@H](O)[C@@H](CO[C@@H]3[C@H](O)[C@@H](O)[C@H](O)[C@@H](CO)O3)O2)\C(\C)=C\CO)nc1OC,,,
c1(OC)c(O[C@H]2[C@H](O)[C@@H](O)[C@H](O)[C@@H](CO)O2)c(C)c(C\C=C(/C)\C\C=C\C(\C)=C\[C@@H](C)[C@@H](O[C@H]3[C@H](O)[C@@H](O)[C@H](O)[C@@H](CO[C@@H]4[C@H](O)[C@@H](O)[C@@H](O)[C@@H](CO)O4)O3)\C(\C)=C\C)nc1OC,,,
c1(OC)c(O)c(C)c(C\C=C(/C)\C[C@H](O)[C@H](OC)\C(\C)=C\[C@@H](C)[C@@H](O[C@H]2[C@H](O)[C@@H](O)[C@H](O)[C@@H](CO)O2)\C(\C)=C\C)nc1OC,,,
c1(OC)c(O)c(C)c(C\C=C(/C)\C[C@H](O)[C@H](OC)\C(\C)=C\[C@@H](C)[C@@H](O[C@H]2[C@H](O)[C@@H](O)[C@H](O)[C@@H](CO)O2)\C(\C)=C\CO)nc1OC,,,
c1(OC)c(O)c(C)c(CC(OC)\C(\C)=C\C=C\C(\C)=C\[C@@H](C)[C@@H](O[C@H]2[C@H](O)[C@@H](O)[C@H](O)[C@@H](CO)O2)\C(\C)=C\C)nc1OC,,,
c1(OC)c(O)c(C)c(C\C=C(/C)\C\C=C\C(\C)=C\[C@@H](C)[C@@H](O[C@H]2[C@H](O)[C@@H](O)[C@H](O)[C@@H](CO)O2)[C@]3(O[C@@H]3C)C)nc1OC,,,
c1(OC)c(O)c(C)c(C\C=C(/C)\C\C=C\C(\C)=C\[C@@H](C)[C@@H](O[C@H]2[C@H](O)[C@@H](O)[C@H](O)[C@@H](CO)O2)[C@@]3(O[C@H]3C)C)nc1OC,,,
c1(OC)c(O)c(C)c(C\C=C(/C)\C\C=C\C(\C)=C\[C@@H](C)[C@@H](O[C@H]2[C@H](O)[C@@H](O)[C@H](O)[C@@H](CO)O2)\C(\C)=C\C(OC)OC)nc1OC,,,
c12nc(co1)c(nc3c(nc4c(nc5c(nc6C(=O)N[C@]([H])([C@H](CC)C)C(=O)N[C@@]([H])([C@@H](C)CC)C(=O)NC2)oc6c7ccccc7)sc5)sc4)oc3,Amino acids and Peptides,Oligopeptides,Cyclic peptides
[C@@H](C(N[C@@H]([C@H](CC)C)C(=O)N[C@@H](C(N[C@H](C(O)=O)CC(C)C)=O)[C@@H](C)CC)=O)(NC(=O)[C@H](NC([C@H](CCO)NC(=O)[C@H]1N(C(\C(=C/C)\NC([C@@H](NC(=O)C[C@H](N)CCCCC)CCO)=O)=O)C[C@H](O)C1)=O)Cc2ccccc2)CC(C)C,Amino acids and Peptides,Oligopeptides,Linear peptides
[C@@H](C(N[C@@H]([C@H](CC)C)C(=O)N[C@@H](C(O)=O)[C@@H](C)CC)=O)(NC(=O)[C@H](NC([C@H](CCO)NC(=O)[C@H]1N(C(\C(=C/C)\NC([C@@H](NC(=O)C[C@H](N)CCCCC)CCO)=O)=O)C[C@H](O)C1)=O)Cc2ccccc2)CC(C)C,Amino acids and Peptides,Oligopeptides,Linear peptides
C12=C(C)c(cc3nc(c(C)c3CC)cc(c(C=C)c4C)[nH]c4cc([C@@H](C)[C@@H]5CCC(=O)O\C=C(/C)\CCCC(CCCC(C)C)C)nc56)[nH]c1c6[C@@](O)(C(OC)=O)C2=O,,,
C12=C(C)c(cc3nc(c(C)c3CC)cc(c(C=C)c4C)[nH]c4cc([C@@H](C)[C@@H]5CCC(=O)O\C=C(/C)\CCCC(CCCC(C)C)C)nc56)[nH]c1c6[C@@](O)(C(OC)=O)C2=O,,,
C(O[C@@H](C[C@@H](O)[C@H](C)[C@@H](O)C[C@@H](O)C(C)(C)[C@@H](O)C\C(\C)=C\[C@@H](O)[C@@]1(C)C[C@@H](C\C(\C)=C\C(=C)C[C@H](O)C\C=C\C(\C)=C\C(=O)O2)C[C@H]12)CC(=C)\C(\OC)=C/Br)(=O)CCCCCCCCCCCCCCC,,,
c1(ccccc1)C\C(=C\Cl)\C\C=C(/C)\[C@H]2OC(=O)C(C)=C(OC)C2,,,
c1(ccccc1)C\C(=C\Cl)\CC(O)C\C=C(/C)\CC(C)[C@H]2OC(=O)C=C(OC)C2,Polyketides,Cyclic polyketides,2-pyrone derivatives
C1(C)=C2O[C@@]3(C[C@@H]([C@@H]([C@H](O3)[C@@H](C)CC[C@H](OC)c4c(Br)ccc(O)c4)C)OC(C[C@H]([C@H](O)C)OC(=O)C2)=O)C(C)(C)C1,Polyketides,Macrolides,Aplysiatoxins
C1(C)=C2O[C@@]3(C[C@@H]([C@@H]([C@H](O3)[C@@H](C)CC[C@H](OC)c4c(Br)cc(Br)c(O)c4)C)OC(C[C@H]([C@H](O)C)OC(=O)C2)=O)C(C)(C)C1,Polyketides,Macrolides,Aplysiatoxins
C1(C)=C2O[C@@]3(C[C@@H]([C@@H]([C@H](O3)[C@@H](C)CC[C@H](OC)c4c(Br)cc(Br)c(O)c4Br)C)OC(C[C@H]([C@H](O)C)OC(=O)C2)=O)C(C)(C)C1,Polyketides,Macrolides,Aplysiatoxins
C1(C)=C2O[C@@]3(C[C@@H]([C@@H]([C@H](O3)[C@@H](C)CC[C@H](OC)c4cccc(O)c4)C)OC(C[C@H](CO)OC(=O)C2)=O)C(C)(C)C1,Polyketides,Macrolides,Aplysiatoxins
c1ccc(c(c1O)O)C2=NC(C(OC)=O)CS2,Alkaloids,Serine alkaloids,Thiazole alkaloids
C1(=C(\C(\N(C1=O)C(=O)C)=C\C)[O-])C(CCCCCCC)=O,,,
N1C([C@H](CC(C)C)NC([C@H](NC(=O)[C@H](NC(=O)[C@@H](CCC(=O)O)NC(=O)[C@H](CC(C)C)NC(=O)C[C@@H](O)CCCCCCC)[C@H](C)OC(=O)[C@H]([C@@H](C)CC)NC(=O)[C@@H](CO)NC(=O)[C@H](CC(C)C)NC(=O)[C@H]1CO)CC)=O)=O,Amino acids and Peptides,Oligopeptides,Cyclic peptides
N1C([C@H](CC(C)C)NC([C@H](NC(=O)[C@H](NC(=O)[C@@H](CCC(=O)O)NC(=O)[C@H](CCC)NC(=O)C[C@@H](O)CCCCCCC)[C@H](C)OC(=O)[C@H]([C@@H](C)CC)NC(=O)[C@@H](CO)NC(=O)[C@H](CC(C)C)NC(=O)[C@H]1CO)C(C)C)=O)=O,Amino acids and Peptides,Oligopeptides,Cyclic peptides
N1C([C@H](CC(C)C)NC([C@H](NC(=O)[C@H](NC(=O)[C@@H](CCC(=O)O)NC(=O)[C@H](CC2CC2)NC(=O)C[C@@H](O)CCCCCCC)[C@H](C)OC(=O)[C@H]([C@@H](C)CC)NC(=O)[C@@H](CO)NC(=O)[C@H](CC(C)C)NC(=O)[C@H]1CO)C(C)C)=O)=O,Amino acids and Peptides,Oligopeptides,Cyclic peptides
C1(=O)O[C@H](C(=N[C@H]2C(=O)NCC(N[C@@H](C(C)C)c3nc(C(=O)O[C@@H](CCCC(Cl)(Cl)C)C1(C)C)cs3)=O)SC2)C(O)(C)C,Amino acids and Peptides,Oligopeptides,Cyclic peptides
[C@@H]1(Cc2ccccc2)N(C)C(=O)[C@@H](C(C)C)NC(=O)\C(\C)=C\C=C\CC(OC)CC\C=C\CCCC(C)OC(=O)[C@H](C)N(C)C(=O)[C@H](CC(=O)N)N(C)C(=O)[C@H](CCC3)N3C(=O)[C@H](C(C)C)N(C)C(=O)[C@H](C(C)C)N(C)C1=O,Amino acids and Peptides,Oligopeptides,Cyclic peptides
C1=C[C@]([H])([C@]2([H])[C@]([H])(\C=C\C(C3=C(O)[C@@](CCCNC(=O)\C=C/C2)([H])NC3=O)=O)C4)[C@@]4([H])[C@@]([H])(C[C@@H](C)[C@H]5CC)[C@@]15[H],Amino acids and Peptides,Macrolides,Macrocyclic tetramic acids
c1(OC)ccc(\C=C(/C(=O)N\C(=C/C(C)C)\C2=O)\N2)cc1,Alkaloids,Nicotinic acid alkaloids,Dipeptides
C1CC(O)C(C=C(C)C(\C(\C)=C/CC\C(\C)=C\C2(C3(C(O)=C(C4=O)C(=O)O3)CC(C)C(C)=C2)C)C45C)C5C1C,Polyketides,Macrolides,Spirotetronate macrolides
C1C(CC(OC(CC(=O)O)=O)CC2OC(O)(CC(O)C(C)CCC(O)C(C)C(O)CC(O)C(C)\C=C\C=C(/C)\C(=O)OC(C(C)CCC\C=C\CCCNC(=N)N)C(\C=C\C=C(/C)\C(O)CC1O)C)C(O)C(O)C2)O,Polyketides,Macrolides,Polyene macrolides
C1C(CC(OC(CC(=O)O)=O)CC2OC(O)(CC(O)C(C)CCC(O)C(C)C(O)CC(O)C(C)\C=C\C=C(/C)\C(=O)OC(C(C)CCC\C=C\CCCN\C(=N\C)\NC)C(\C=C\C=C(/C)\C(O)CC1O)C)C(O)C(O)C2)O,Polyketides,Macrolides,Polyene macrolides
c1cc(C(=O)C([C@@](O)(C(=O)C[C@](C)(O)C2)[C@]2(O)C(SC)=C3)=C3C4=O)c4c(O)c1[C@@]5([H])C[C@@H](O)[C@H](O)[C@@H](C)O5,Polyketides,Polycyclic aromatic polyketides,Angucyclines
c1cc(C(=O)C([C@@](O[C@@H](CC2)O[C@@H](C)[C@H]2O)(C(=O)C[C@](C)(O)C3)[C@]3(O)C(SC)=C4)=C4C5=O)c5c(O)c1[C@@]6([H])C[C@@H](O)[C@H](O[C@H]7CC[C@H](O[C@H]8C[C@@H](O)[C@H](O)[C@@H](C)O8)[C@H](C)O7)[C@@H](C)O6,Polyketides,Polycyclic aromatic polyketides,Angucyclines
c1cc(C(=NC(C)(C)O2)c(c2c(C)c(O)c3CCC(C)C)c3C4=O)c4c(O)c1,,,
C(CCCC)CCC(O)CC(=O)N(O)CCCCC(C(=O)O)NC(=O)CC(O)(C(O)=O)CC(=O)NC(C(O)=O)CCCCN(O)C(=O)CC(O)CCCCC,,,
C(CCCCC)CC(O)CC(=O)N(O)CCCCC(C(=O)O)NC(=O)CC(O)(C(O)=O)CC(=O)NC(C(O)=O)CCCCN(O)C(=O)CC(O)CCCCCCCCC,Fatty acids,Fatty amides,N-acyl amines
c1(Cl)cc(c(C(=O)O)c[nH]2)c2cc1,Alkaloids,Tryptophan alkaloids,Simple indole alkaloids
C(=C\c1ccccc1)(/C(OC)=N\C(=C/c2ccc(OC)cc2)\C3=O)\N3,,,
c1cc(C(=CC2)C(=N2)C=N3)c3cc1,Alkaloids,Anthranilic acid alkaloids,Quinazoline alkaloids
c1(Br)c(Br)c(Br)[nH]c1Br,,,
c1([nH]c(c(Br)c1Br)Br)c2c(c(Br)c(Br)[nH]2)Br,,,
c1(O)ccc(O)c2c1C(=O)c(cc([C@@H](C(OC)=O)[C@](CC)(O)C[C@@H]3O[C@H](O[C@H]4C)C[C@H](N(C)C)[C@@H]4O[C@@H]5O[C@@H](C)[C@@H](O[C@@H](C(N)=CC6=O)O[C@H]6C)[C@@H](O)C5)c3c7O)c7C2=O,Polyketides,Polycyclic aromatic polyketides,Anthracyclines
c1(O)ccc(O)c2c1C(=O)c(cc([C@@H](C(OC)=O)[C@](CC)(O)C[C@@H]3O[C@H](O[C@H]4C)C[C@H](NC)[C@@H]4O[C@@H]5O[C@@H](C)[C@@H](O[C@H](O[C@H]6C)C[C@@H]([C@@H]6O)O)[C@@H](O)C5)c3c7O)c7C2=O,Polyketides,Polycyclic aromatic polyketides,Anthracyclines
C(/[NH+]=C1c2[nH]ccc2)(\C(OC)=C1)=C\c3c(OC)cc(c4ccc[nH]4)[nH]3,Alkaloids,Proline alkaloids,Prodigiosins
O[C@H]1[C@@H](O)C[C@H](O[C@H]2[C@H](C[C@@H](O[C@H]2C)O[C@@H]3c(c(O)c(C(=O)c(c(O)ccc4O)c4C5=O)c5c6)c6[C@](C(OC)=O)([H])[C@@](O)(CC)C3)NC)O[C@H]1C,Polyketides,Polycyclic aromatic polyketides,Anthracyclines
c1c(O)cc(c(C2=C\C(=C(/C(=O)N3)\c(ccc4)c3c4)\C(N2)=O)c[nH]5)c5c1,Alkaloids,Tryptophan alkaloids,Simple indole alkaloids
c1ccc(C[C@H](OC)[C@@H](C)\C=C(/C)\C=C\[C@]2([H])NC(=O)[C@H](CCCNC(N)=N)NC(=O)[C@@H](C)[C@H](C(O)=O)NC(=O)\C(=C\C)\N(C)C(=O)CC[C@H](C(O)=O)NC(=O)[C@H]2C)cc1,Amino acids and Peptides,Oligopeptides,Cyclic peptides
c1ccc(C[C@H](OC(=O)C)[C@@H](C)\C=C(/C)\C=C\[C@@H]2NC(=O)[C@H](CCCNC(N)=N)NC(=O)[C@@H](C)[C@H](C(O)=O)NC(=O)[C@@H](NC(=O)[C@@H](C)NC(=O)C(=C)N(C)C(=O)CC[C@H](C(O)=O)NC(=O)[C@H]2C)CC(C)C)cc1,Amino acids and Peptides,Oligopeptides,Cyclic peptides
c1ccc(cc1)C[C@@H]([C@H](\C=C(\C=C\[C@H]2[C@@H](C(N[C@H](CCC(N(C(C(N[C@@H](C(=O)N[C@@H](CC(C)C)C(=O)N[C@@H](C(O)=O)[C@H](C)C(=O)N[C@@H](CCCCNC(=N)N)C(=O)N2)C)=O)=C)C)=O)C(O)=O)=O)C)/C)C)OC(C)=O,Amino acids and Peptides,Oligopeptides,Cyclic peptides
c1ccc(C[C@H](OC(C)=O)[C@@H](C)\C=C(/C)\C=C\[C@@H]2NC(=O)[C@H](CCCNC(N)=N)NC(=O)C[C@H](C(O)=O)NC(=O)[C@@H](NC(=O)[C@@H](C)NC(=O)C(=C)N(C)C(=O)CC[C@H](C(O)=O)NC(=O)[C@H]2C)CC(C)C)cc1,Amino acids and Peptides,Oligopeptides,Cyclic peptides
C1C[C@@H](C)[C@](O)([C@H](O)C(=O)O[C@@]2([H])C[C@@]([H])(\C=C\C[C@@H](C(C)(C)[C@@]([H])(O[C@](O)([C@H](C)C3)[C@H](O)C(O[C@@]4([H])C[C@]([H])(O[C@@H]4C)\C=C\C[C@H](OC(C)=O)C5(C)C)=O)C3)OC(=O)C)O[C@@H]2C)O[C@@]15[H],,,
C1(=N\C(=C/c2c(C)c3)\[C@@](C)([C@@]4([H])[C@H](OC(C)=O)C[C@@H](O)[C@@H](C)O4)C1=O)\C=C/5\C(C)=C\C(=C\C6=N\C(\C(=O)[C@@]6([C@]7([H])[C@@H](OC(C)=O)C[C@H](O)[C@H](C)O7)C)=C/c3[nH]2)\N5,,,
Clc([nH]c1c2cccc1)c2CC(N(C(=O)C(C)NC(=O)C(C)C\C(\C)=C\C(C)C3C)C)C(=O)NC(c4ccc(cc4)O)CC(=O)O3,Amino acids and Peptides,Oligopeptides,Depsipeptides
[C@@H]1(O)\C(\C)=C\[C@@H](C)CCC[C@H](C)[C@@H]([C@@H](CCCCCCCCCC(=O)O)C)OC(=O)\C(\C)=C\C[C@@H](O)[C@@H](C)[C@H](O)C1,,,
C1[C@@H](O)[C@](C)([C@@]([H])(CC[C@](C)(Oc(ccc(C(=O)O)c2)c2C3)[C@@]34[H])[C@@]4(C)C[C@H]5O)C5C(C)(C)C1,Terpenoids,Meroterpenoids,Tetraketide meroterpenoids
c1(ccc(O)cc1)CC(O)C(=O)N[C@@H]([C@@H](C)CC)C(=O)NC(CCO)C(=O)N[C@H]2[C@@H](C)OC(=O)[C@H](C(C)C)NC(=O)C(Cc3ccc(O)cc3)N(C)C(=O)[C@H](Cc4ccccc4)N5C(C(CCC5O)NC(=O)C(CCO)NC2=O)=O,Amino acids and Peptides,Oligopeptides,Ahp-containing cyclodepsipeptides
N1(C)C(=O)\C(=C(/[C@@H](C)C[C@H]2CC(C)C\C=C\C#CC#CCCCCC)\N2)\C(=O)C1C,,,
c1(nc(cc([nH]c2cc(C(=O)C3(C)C4O[C@H](C)[C@H](O)C[C@H]4O)nc3cc(C=C(C)c56)[nH]5)c(C)c2)c(C)c1)c6,,,
C1(=N\C(=C/c2c(C)c3)\[C@](C)([C@@]4([H])[C@H](OC(C)=O)C[C@@H](O)[C@@H](C)O4)C1=O)\C=C/5\C(C)=C\C(=C\C6=N\C(\C(=O)[C@]6([C@@]7([H])[C@H](OC(C)=O)C[C@@H](O)[C@@H](C)O7)C)=C/c3[nH]2)\N5,,,
O1[C@H](COC(CCCCCCCCCCCCCCC)=O)[C@H](O)[C@@H]([C@@H](O)[C@H]1OC[C@H]([C@H](O)[C@@H]([C@@H](O)[C@@H]2OCC(OC(=O)CCCCCCCCCCCCCCC)CO)O)O2)O,Fatty acids,Glycerolipids,Fatty acyl glycosides of mono- and disaccharides
c1ccc(C[C@H](OC)[C@@H](C)\C=C(/C)\C=C\[C@H]2[C@H](C)C(N[C@H](CCC(=O)N(C)C(C(=O)N[C@@H](C(N[C@@H](CC(C)C)C(=O)N[C@@H](C(O)=O)[C@H](C)C(=O)N[C@@H](CCCNC(N)=N)C(=O)N2)=O)CC(C)C)=C)C(O)=O)=O)cc1,Amino acids and Peptides,Oligopeptides,Cyclic peptides
C1(OC)=C(OC)C(=O)C(C)=C(C\C=C(/C)\CC\C=C(/C)\CC\C=C(/C)\CC\C=C(/C)\CC\C=C(\CC\C=C(\CC\C=C(/C)\CC\C=C(/C)\CC\C=C(\C)/C)/C)/C)C1=O,Terpenoids,Meroterpenoids,Prenyl quinone meroterpenoids
c1cc(c(c2c1C(=O)c(c(O)c(CC(CC(O)=O)(C)O)cc3)c3C2=O)O)[C@@H]4O[C@@H]([C@@H]5[C@@H](C4)O[C@@H]6[C@@H](O[C@H](C(C6)=O)C)O5)C,Polyketides,Polycyclic aromatic polyketides,Angucyclines
N1(C)C(Cc2c(cccc3)c3[nH]c2)C(=O)N(C)C(Cc4c(cccc5)c5[nH]c4)C1=O,Alkaloids,Peptide alkaloids,Dipeptides
C1(C)C(=O)OC(CC(O)CC)CCC1O,Polyketides,Macrolides,Macrolide lactones
C1C(C)OC(C(C)C(CCC(CC(CC)O)OC(=O)C(C)C(CC2)OC12)O)=O,Polyketides,Macrolides,Macrolide lactones
C1(C(CCC(OC1=O)CC(C)O)O)C,Polyketides,Macrolides,Macrolide lactones
C1CC(CC(C)OC(=O)C(C)C2OC(CC(OC(=O)CC3OC(CC(C)OC(=O)C(C)C4OC(CC(CC)OC(=O)C5C)CC4)CC3)CC)CC2)OC15,Polyketides,Polyethers,Macrotetrolides
C1(=O)N[C@@]([C@@H](O)[C@]2([H])C=CCCC2)(C(OC)=O)[C@@](C)(O)[C@H]1CCCl,,,
[C@@H]1(O)[C@@H](CO)O[C@H](OP([O-])(=O)O)[C@H](NC(=O)C[C@H](O)CCCCCCCCCCCC(C)C)[C@H]1OC(=O)C[C@H](O)CCCCCCCCCC(C)C,Fatty acids,Fatty acyl glycosides,Fatty acyl glycosides of mono- and disaccharides
C1(CCc2ccccc2)NC(C(C(O)C)NC(=O)\C(\NC(C(CO)NC(=O)\C(\NC(=O)C(NC(=O)C3CN(C(=O)CNC(=O)C(CCC(N)=O)NC(=O)C(O)C(CC(OC(=O)C(N(C(=O)C)C)CC(C)C)CC(C(CC(C)C)O)O)NC(=O)C(CCC4)N4C1=O)CC3)Cc5ccccc5)=C\C)=O)=C/C)=O,Amino acids and Peptides,Oligopeptides,Cyclic peptides
C1(CCc2ccccc2)NC(C(C(O)C)NC(=O)\C(\NC(C(CO)NC(=O)\C(\NC(=O)C(NC(=O)C3CN(C(=O)CNC(=O)C(CCC(N)=O)NC(=O)C(O)C(CC(O)CC(C(CC(C)C)O)O)NC(=O)C(CCC4)N4C1=O)CC3)Cc5ccccc5)=C\C)=O)=C/C)=O,Amino acids and Peptides,Oligopeptides,Cyclic peptides
c1cc(c2cc[nH]c2)c(N)cc1,,,
C(OC)(\C(=C\c1cc(CCCCCCC)c(C)[nH]1)\N=C2c3[nH]ccc3)=C2,Alkaloids,Proline alkaloids,Prodigiosins
C(\C(\C)=C\C)(=O)N[C@@H](C(C)C)C(=O)N[C@@H](C(N[C@@H]([C@@H](C)OC(=O)[C@H](CC(C)C)NC(=O)[C@@H](CCC(O)=O)NC(=O)\C(=C/C)\NC1=O)C(=O)N[C@H]1C)=O)Cc2ccc(O)cc2,Amino acids and Peptides,Oligopeptides,Cyclic peptides
C(\C(\C)=C\C)(=O)N[C@@H](C(C)C)C(=O)N[C@@H](C(N[C@@H]([C@@H](C)OC(=O)[C@H](CCCc1ccc(O)cc1)NC(=O)[C@@H](CCC(O)=O)NC(=O)\C(=C/C)\NC2=O)C(=O)N[C@H]2C)=O)Cc3ccc(O)cc3,,,
C(\C(\C)=C\C)(=O)N[C@@H](C(C)C)C(=O)N[C@@H](C(N[C@@H]([C@@H](C)OC(=O)[C@H](CCCCc1ccc(O)cc1)NC(=O)[C@@H](CCC(O)=O)NC(=O)\C(=C/C)\NC2=O)C(=O)N[C@H]2C)=O)Cc3ccc(O)cc3,Amino acids and Peptides,Oligopeptides,Cyclic peptides
c1(S(O)(=O)=O)c(O)c(O)ccc1C(NCCCCNCCCNC(=O)CC(C(=O)O)(O)CC(=O)NCCCCNCCCNC(c2ccc(O)c(O)c2S(O)(=O)=O)=O)=O,Alkaloids,Ornithine alkaloids,Polyamines
C1([C@H](CCCC)[C@@H](OC(C)=O)[C@H](C)OC(=O)[C@@H](NC(=O)c2c(O)c(NC=O)ccc2)[C@@H](C)O1)=O,Amino acids and Peptides,Macrolides,Antimycins
c1(Cc2[nH]c(cccc3)c3c2Cc4c(cccc5)c5[nH]c4)c[nH]c(cccc6)c16,Alkaloids,Tryptophan alkaloids,Simple indole alkaloids
c1(Cc2[nH]c(cccc3)c3c2Cc4c(cccc5)c5[nH]c4Cc6c[nH]c(cccc7)c67)c[nH]c(cccc8)c18,Alkaloids,Tryptophan alkaloids,Simple indole alkaloids
c1c(C)c(C(=O)CCCC(=O)O)ccc1,,,
C1(=N\C(=C/c2c(C)c3)\C(C4[C@H](OC(=O)C)C[C@@H](O)[C@@H](C)O4)(C)C1=O)\C=C/5\C(C)=C\C(=C\C6=N\C(\C(=O)C6(C)C7O[C@H](C)[C@H](O)[C@@H](O)[C@H]7O)=C/c3[nH]2)\N5,,,
C1(=N\C(=C/c2c(C)c3)\C(C4[C@H](O)C[C@@H](O)[C@@](O)(C)O4)(C)C1=O)\C=C/5\C(C)=C\C(=C\C6=N\C(\C(=O)C6(C)C7O[C@H](C)[C@H](O)C[C@H]7OC(=O)C)=C/c3[nH]2)\N5,,,
c1c(C\C(=C\Cl)\CCC(C)\C(\C(O)CC=C)=C\C)cccc1,Polyketides,Linear polyketides,Open-chain polyketides
c1cc(CCCC(=O)O)ccc1,,,
c1cc(cc(O)c(C(N)=O)n2)c2cc1,Alkaloids,Anthranilic acid alkaloids,Quinoline alkaloids
c1cc(c2cc(OC)c(\C=C(\C=C3CCCCC)/N=C3C)[nH]2)[nH]c1,Alkaloids,Proline alkaloids,Prodigiosins
C1(C)=C(OC)OC(CC[C@H](C)[C@@H](O)C)=C(C)C1=O,Polyketides,Cyclic polyketides,4-pyrone derivatives
C1(C)=C(OC)OC(CC[C@@H](C)[C@@H](O)C)=C(C)C1=O,Polyketides,Cyclic polyketides,4-pyrone derivatives
c1cc(C(=O)N(C=C(\C=C\C(=O)N)C2)[C@@H]2C(=O)N3)c3c(O)c1C,,,
c1c2c(c(C=C2)c3)c(cc34)cc1C5(C)C(C6(S(C7(C(CCN8c9cc(c(c(C=C%10)c9)c%10c%11)cc%11%12)(C%12%13C)C(C8C%14)C7(C)C%14)C%13)=O)C5)(CCN4%15)C(C%15CC%16)C6%16C,,,
C(C(=O)N(O)CCCCCNC(=O)CCC(=O)N(O)CCCCCN)CC(=O)O,Fatty acids,Fatty amides,N-acyl amines
[C@H]1(Cc2ccccc2)C(=O)N[C@H](CCCNC(NC\C=C(\C)/C)=N)C(=O)N[C@@H](Cc3ccccc3)C(=O)N(CCC4)[C@H]4C(=O)NCC(=O)N[C@@H](CC(C)C)C(=O)N[C@@H](CC(=O)O)C(=O)N1,Amino acids and Peptides,Oligopeptides,Cyclic peptides
c1(oc2)nc2c(nc3c(nc4c(nc5c(nc6C(=O)NC(C(CC)C)C(=O)NC(C(C)CC)C(=O)NC1)oc6c7ccccc7)sc5)sc4)oc3,Amino acids and Peptides,Oligopeptides,Cyclic peptides
c1cc([nH]c(c([nH]c(cccc2)c23)c3CNC4=O)c45)c5cc1,Alkaloids,Tryptophan alkaloids,Carbazole alkaloids
[C@@H]1(CC(C)C)NC(=O)[C@H](C[C@H](C)C(=O)O)N(C)C(=O)[C@H](C)NC(=O)[C@H](Cc2cc([N+]([O-])=O)c(O)cc2)NC(=O)[C@H](CC(C)C)N(C)C(=O)[C@H](Cc3cn(C(C)(C)C=C)c(cccc4)c34)NC(=O)[C@H](C\C=C\C)NC1=O,Amino acids and Peptides,Oligopeptides,Cyclic peptides
c12c(cccc1O)C(=O)c3c2c(O)cc(c(O)c(C)cc4)c34,Polyketides,Polycyclic aromatic polyketides,Angucyclines
c12c(cccc1O)C(=O)c3c2c(O)c(NNC(=O)C)c(C(=O)[C@@](O)(C)[C@@H](O)[C@@H]4O)c34,Polyketides,Polycyclic aromatic polyketides,Angucyclines
c12c(cccc1O)C(=O)c3c2c(O)cc(C(=O)[C@@](C)(O4)[C@@H]4[C@@H]5Nc6ccc(C(O)=O)cc6)c35,Polyketides,Polycyclic aromatic polyketides,Angucyclines
c12c(cccc1O)C(=O)c3c2c(O)cc(C(=O)[C@@](C)(O)[C@H](Oc(c(c(c(O)ccc4)c4C5=O)c5c(C=C[C@@](O)(C)C6=O)c67)c7N8NC(C)=O)[C@H]89)c39,Polyketides,Polycyclic aromatic polyketides,Angucyclines
c12c(cccc1O)C(=O)c3c2c(O)cc(C(=O)[C@@]4(C)[C@@H](O)[C@@H]5C6=C(O4)C=C(Cc7c(C(c8c(O)cc(O)cc8C)=O)c(O)ccc7)OC6=O)c35,Polyketides,Polycyclic aromatic polyketides,Angucyclines
c12c(cccc1O)C(=O)c3c2c(O)c(NNC(C)=O)c(C(=O)[C@@]4(C)[C@@H](O)[C@@H]5C6=C(O4)C=C(Cc7c(C(c8c(O)cc(O)cc8C)=O)c(O)ccc7)OC6=O)c35,Polyketides,Polycyclic aromatic polyketides,Angucyclines
c12c(cccc1O)C(=O)c3c2c(O)cc(C(=O)[C@@]4(C)[C@@H](O)[C@@H]5c6c(c(C(=C(O)c(cccc7O)c7C8=O)C8=C9C(c(c(C(=O)c(cccc%10O)c%10%11)c%11c(O)c%12)c%12C(=O)[C@]%13(O)C)=C%13)c9cc6C)O4)c35,Polyketides,Polycyclic aromatic polyketides,Angucyclines
N1(C)C(=O)[C@H](C)NC(=O)[C@@H]([C@@H](C)CC)OC(=O)\C(\C)=C\C[C@H](O)[C@H](C)C[C@@H]([C@@H](C)CC)OC(=O)CN(C)C(=O)[C@H]([C@@H](C)CC)NC(=O)CN(C)C(=O)[C@H]1Cc2ccccc2,Amino acids and Peptides,Oligopeptides,Cyclic peptides
CC(C)CCC(C(O)=O)C\C=C\C#CC#C\C=C(/C=CS1)\n2c1nc(CC(C(=O)[O-])[N+](C)(C)C)c2,,,
CC(C)CCC(C(O)=O)C\C=C\C#CC#C\C=C(\C=CS1)/n2c1nc(CC(C(=O)[O-])[N+](C)(C)C)c2,,,
[C@@H]1(OP(=O)(O)OP(=O)(O)O)[C@@H](CO)O[C@@H](OC[C@H]2O[C@H](OP(=O)(O)O)[C@H](NC(=O)C[C@H](OC(C(O)CCCCCCC(C)C)=O)CCCCCCCCC)[C@@H](OC(=O)C[C@H](O)CCCCCC(C)C)[C@@H]2O)[C@H](NC(=O)C[C@H](OC(=O)CCCCCC(C)C)CCCCCCCCC)[C@H]1OC(=O)C[C@H](O)CCCCCCCCCCC,,,
[C@@H]1(OP(=O)(O)O)[C@@H](CO)O[C@@H](OC[C@H]2O[C@H](OP(=O)(O)O)[C@H](NC(=O)C[C@H](O)CCCCCCCCC)[C@@H](O)[C@@H]2O)[C@H](NC(=O)C[C@H](OC(=O)CCCCCC(C)C)CCCCCCCCC)[C@H]1OC(=O)C[C@H](O)CCCCCCCCCCC,Fatty acids,Glycerophospholipids,Glycosylglycerophospholipids
[C@@H]1(OP(=O)(O)O)[C@@H](CO)O[C@@H](OC[C@H]2O[C@H](OP(=O)(O)O)[C@H](NC(=O)C[C@H](O)CCCCCCCCC)[C@@H](O)[C@@H]2O)[C@H](NC(=O)C[C@H](OC(=O)CCCCCC(C)C)CCCCCCCCC)[C@H]1O,,,
CCC(C)CCCCC(=O)c1nc[nH]c1N,Alkaloids,Histidine alkaloids,Imidazole alkaloids
C(CC)CCCCCCC(=O)c1nc[nH]c1N,Alkaloids,Histidine alkaloids,Imidazole alkaloids
c1cc(C(=O)[C@]2([C@@](O)(C(=O)C3)[C@@](O)(C[C@@]3(S2)CC)C4)C(=C4O)C5=O)c5c(O)c1,Polyketides,Polycyclic aromatic polyketides,Angucyclines
c1cc(C(=O)C(c2c(C(=O)OC)cc(CC)cc2O)=C(O)C3=O)c3c(O)c1,Polyketides,Naphthalenes,Naphthoquinones
N1C(=O)C(C(=O)[C@](O)(c(c(O)c(C(=O)[C@]([H])(CC=C[C@H]2OC(=O)\C=C\C=C\C=C\C)[C@]2([H])O3)c34)c(c4OCO5)[C@@]5([H])C6)[C@@]6([H])C7=O)=C7C=C1C,Polyketides,Polycyclic aromatic polyketides,Ericamycins
c1cc(cc(O)c(C(=O)N[C@H]2C(NCC(=O)N(C)[C@@H]3C(=O)N([C@@H](C(=O)SC[C@H](C(NCC(=O)N(C)[C@@H]4C(=O)N(C)[C@@H](C(SC2)=O)CSC4)=O)NC(=O)c5nc(cccc6)c6cc5O)CSC3)C)=O)n7)c7cc1,Amino acids and Peptides,Oligopeptides,Cyclic peptides
[C@@H](C)(C[C@](OC1=O)(C(=C12)O3)C([C@@H](O4)[C@@H]4C(=O)[C@@H](C)C[C@@H](C)C2=O)[C@H]5O)[C@H]35,Polyketides,Macrolides,Spirotetronate macrolides
c1(cc(C(=O)NCCc2ccc(O)cc2)nc3C(=O)C)c3n(C)c(cccc4)c14,Alkaloids,Tryptophan alkaloids,Carboline alkaloids
c1cc(cc([C@@]([H])([C@H](O)C)[C@@](C)(O)CC2=O)c2c3O)c3c(O)c1,Polyketides,Polycyclic aromatic polyketides,Anthraquinones and anthrones
c1cc(cc([C@@]([H])([C@H](O)C)[C@@](C)(O)CC2=O)c2c3O)c3c(O[C@H]4[C@H](O)[C@H](O)[C@@H](CO)O4)c1,Polyketides,Polycyclic aromatic polyketides,Anthraquinones and anthrones
c1(C)cc(O)c(C(=O)c(c(O)c(c2c(O)c([C@H](O)[C@@]3(O4)[C@]4([C@@]([H])([C@@H](C)OC(=O)C)[C@@](C)(O)CC3=O)C5=O)c5cc2)cc6)c6C7=O)c7c1C(C)=O,Polyketides,Polycyclic aromatic polyketides,Anthraquinones and anthrones
c1c(O)c(c(O)c(C(=O)C[C@@](O)(C)[C@]2([H])[C@@H](C)OC(C)=O)c2c3)c3cc1,Polyketides,Polycyclic aromatic polyketides,Anthraquinones and anthrones
c1(C(=O)O)c(O)c(c(c(O)c(C(=O)c(c(O)cc(OC)c2O)c2C3=O)c3c4O)c4CC5)c5cc1CC(C)=O,Polyketides,Polycyclic aromatic polyketides,Anthraquinones and anthrones
[C@@H]1(CC(C)C)NC(=O)[C@H](C[C@](O)(C)CO)N(C)C(=O)[C@H](C)NC(=O)[C@H](Cc2cc([N+]([O-])=O)c(O)cc2)NC(=O)[C@H](CC(C)C)N(C)C(=O)[C@H](Cc3cn(C(C)(C)C=C)c(cccc4)c34)NC(=O)[C@H](C\C=C\C)NC1=O,Amino acids and Peptides,Oligopeptides,Cyclic peptides
c1(O)cc(CCCCCCCCCCC(CC)C(C)C)cc(O)c1,,,
c1(O)cc(CCCCCCCCCCCC(C)C(C)C)cc(O)c1,Polyketides,Aromatic polyketides,Catechols with side chains
c1(O)cc(CCCCCCCCCCCCCCC(C)C)cc(O)c1,Polyketides,Aromatic polyketides,Catechols with side chains
c1(O)cc(CCCCCCCCCCCCCCCCC)cc(O)c1,Polyketides,Aromatic polyketides,Catechols with side chains
c1(O)cc(CCCCCCCCCCCCCCCC(C)C)cc(O)c1,Polyketides,Aromatic polyketides,Catechols with side chains
c1(O)cc(CCCCCCCCCCCCCCCCCCCC)cc(O)c1,Polyketides,Aromatic polyketides,Catechols with side chains
c1(O[C@H]2C[C@@H](O[C@@H]3C[C@@H](O)[C@@H](OC)[C@@H](C)O3)[C@@H](OC(=O)CC)[C@@H](C)O2)cc(cc(C[C@@]([H])([C@H](OC)C(=O)[C@@H](O)[C@H](O)C)[C@H](O[C@H](O4)C[C@@H](O[C@H]5C[C@@H](O[C@H]6C[C@H](O)[C@@H](OC(C)=O)[C@H](C)O6)[C@H](O)[C@@H](C)O5)[C@H](O)[C@H]4C)C7=O)c7c8O)c8c(O)c1C,,,
C1[C@H](C)C[C@H](C)C[C@H](C)[C@@H](O)CC(=O)O[C@H]([C@@]2([H])[C@H](C(=O)N)CCC2)C\C=C\C=C(\C#N)/[C@@H](O)[C@H]1C,,,
C1[C@H](C)C[C@H](C)C[C@H](C)[C@@H](O)CC(=O)O[C@H]([C@@]2([H])[C@H](C(=O)N)CCC2)C\C=C\C=C(\CNC(C)=O)/[C@@H](O)[C@H]1C,,,
C1[C@H](C)C[C@](O)(C)C[C@H](C)[C@@H](O)CC(=O)O[C@H]([C@@]2([H])[C@H](C(=O)O)CCC2)C\C=C\C=C(\C#N)/[C@H](O)[C@H]1C,,,
c([C@]12[H])(c(OCO1)c(Oc(c(OC)c(Cl)cc3)c3C4=O)c4c5)c5C(C(=O)C(C(=O)NC(C)=C6)=C6C7=O)=C7C2,Polyketides,Polycyclic aromatic polyketides,Ericamycins
C(=C/C=C(\[C@H](O)C\C=C\C(=O)O)/C)/C=C/[C@H](C)[C@H](O)C[C@@H](O)[C@@H](C)[C@@H](O)[C@H](C)[C@H](O)[C@H](C)CCCCC\C=C\C[C@H](O)C[C@H](O)C[C@H](O)C[C@@]1(O)O[C@@H](C[C@@H](O[C@@H]2O[C@H](C)[C@@H](N)[C@H](O)[C@@H]2O)\C=C\C=C\C=C\C=C\C=C\C=C\C)[C@H](C(O)=O)[C@@H](O)C1,Polyketides,Linear polyketides,Open-chain polyketides
[C@@]1([H])(\C(\C)=C\C[C@H](O[C@H]2C[C@@]([N+]([O-])=O)(C)[C@@H](NC(=O)OC)[C@@H](C)O2)\C(=C\[C@]([H])(C=C(C)[C@H](C)C3)[C@]3(OC4=O)C(O)=C4C5=O)\C)[C@]5(C)[C@]([H])([C@@H](C)C[C@H](C)[C@@H]6O[C@H]7C[C@@]([N+]([O-])=O)(C)[C@@H](NC(=O)OC)[C@@H](C)O7)[C@]6([H])C=C1,Polyketides,Macrolides,Spirotetronate macrolides
[C@@]1([H])(\C(\C)=C\C[C@H](O)\C(=C\[C@]([H])(C=C(C)[C@H](C)C2)[C@]2(OC3=O)C(O)=C3C4=O)\C)[C@]4(C)[C@]([H])([C@@H](C)C[C@H](C)[C@@H]5O[C@H]6C[C@@]([N+]([O-])=O)(C)[C@@H](NC(=O)OC)[C@@H](C)O6)[C@]5([H])C=C1,Polyketides,Macrolides,Spirotetronate macrolides
[C@@]1([H])(\C(\C)=C\C[C@H](O)\C(=C\[C@]([H])(C=C(C)[C@H](C)C2)[C@]2(OC3=O)C(O)=C3C4=O)\C)[C@]4(C)[C@]([H])([C@@H](C)C[C@H](C)[C@@H]5O[C@H]6C[C@@](N)(C)[C@@H](NC(=O)OC)[C@@H](C)O6)[C@]5([H])C=C1,Polyketides,Macrolides,Spirotetronate macrolides
[C@@]1([H])(\C(\C)=C\C[C@H](O)\C(=C\[C@]([H])(C=C(C)[C@H](C)C2)[C@]2(OC3=O)C(O)=C3C4=O)\C)[C@]4(C)[C@]([H])([C@@H](C)C[C@H](C)[C@@H]5O[C@H]6C[C@@](O)(C)[C@@H](NC(=O)OC)[C@@H](C)O6)[C@]5([H])C=C1,Polyketides,Macrolides,Spirotetronate macrolides
[C@@]1([H])(\C(\C)=C\C[C@H](O[C@H]2C[C@@](N)(C)[C@@H](NC(=O)OC)[C@@H](C)O2)\C(=C\[C@]([H])(C=C(C)[C@H](C)C3)[C@]3(OC4=O)C(O)=C4C5=O)\C)[C@]5(C)[C@]([H])([C@@H](C)C[C@H](C)[C@@H]6O[C@H]7C[C@@](N)(C)[C@@H](NC(=O)OC)[C@@H](C)O7)[C@]6([H])C=C1,Polyketides,Macrolides,Spirotetronate macrolides
[C@@]1([H])(\C(\C)=C\C[C@H](O[C@H]2C[C@@](N)(C)[C@@H](NC(=O)OC)[C@@H](C)O2)\C(=C\[C@]([H])(C=C(CO)[C@H](C)C3)[C@]3(OC4=O)C(O)=C4C5=O)\C)[C@]5(C)[C@]([H])([C@@H](C)C[C@H](C)[C@@H]6O[C@H]7C[C@@](N)(C)[C@@H](NC(=O)OC)[C@@H](C)O7)[C@]6([H])C=C1,Polyketides,Macrolides,Spirotetronate macrolides
[C@@]1([H])(\C(\C)=C\C[C@H](O[C@H]2C[C@@](N)(C)[C@@H](NC(=O)OC)[C@@H](C)O2)\C(=C\[C@]([H])(C=C(C)[C@H](C)C3)[C@]3(OC4=O)C(O)=C4C5=O)\C)[C@]5(C)[C@]([H])([C@@H](C)C[C@H](C)[C@@H]6O[C@H]7C[C@@]([N+]([O-])=O)(C)[C@@H](NC(=O)OC)[C@@H](C)O7)[C@]6([H])C=C1,Polyketides,Macrolides,Spirotetronate macrolides
[C@@]1([H])(\C(\C)=C\C[C@H](O[C@H]2C[C@@]([N+]([O-])=O)(C)[C@@H](NC(=O)OC)[C@@H](C)O2)\C(=C\[C@]([H])(C=C(CO)[C@H](C)C3)[C@]3(OC4=O)C(O)=C4C5=O)\C)[C@]5(C)[C@]([H])([C@@H](C)C[C@H](C)[C@@H]6O[C@H]7C[C@@](N)(C)[C@@H](NC(=O)OC)[C@@H](C)O7)[C@]6([H])C=C1,Polyketides,Macrolides,Spirotetronate macrolides
c1cc(c2occ(c3c(OC)c(O)c(SN([C@@H](CO)C(=O)NC[C@@H](O)C(=O)N[C@H](CO)CC(C)C)C4=O)c4n3)n2)c(N)cc1,,,
c1(ccccc1\C=C/CCC)\C=C\C(=O)N[C@@H](Cc2ccc(O)cc2)C(=O)N(C)[C@@H](Cc3ccc(OC)c(O)c3Cl)C(=O)N(C)[C@@H](C)C(=O)OC[C@H]4NC(=O)CNC4=O,Amino acids and Peptides,Oligopeptides,Depsipeptides
c1(ccccc1\C=C/CCC)\C=C\C(=O)N[C@@H](Cc2ccc(O)cc2)C(=O)N(C)[C@@H](Cc3ccc(OC)c(O)c3Cl)C(=O)N(C)[C@@H](C)C(=O)O,,,
c1(ccccc1\C=C/CCC)\C=C\C(=O)N[C@@H](Cc2ccc(O)cc2)C(=O)N(C)[C@@H](Cc3ccc(OC)c(O)c3Cl)C(=O)N(C)[C@@H](C)C(=O)OC,,,
c1(ccccc1\C=C/CCC)\C=C\C(=O)N[C@@H](Cc2ccc(O)cc2)C(=O)N(C)[C@@H](Cc3ccc(OC)c(O)c3)C(=O)N(C)[C@@H](C)C(=O)OC[C@@H]4C(=O)NCC(=O)N4,Amino acids and Peptides,Oligopeptides,Linear peptides
c1(ccccc1\C=C/CCC)\C=C\C(=O)N[C@@H](Cc2ccc(O)cc2)C(=O)N(C)[C@@H](Cc3ccc(OC)c(O)c3)C(=O)N(C)[C@@H](C)C(=O)O,,,
c1(ccccc1\C=C/CCC)\C=C\C(=O)N[C@@H](Cc2ccc(O)cc2)C(=O)N(C)[C@@H](Cc3ccccc3)C(=O)N(C)[C@@H](C)C(=O)OC[C@@H]4C(=O)NCC(=O)N4,Amino acids and Peptides,Oligopeptides,Depsipeptides
c1(ccccc1\C=C/CCC)\C=C\C(=O)N[C@@H](Cc2ccc(O)cc2)C(=O)N(C)[C@@H](Cc3ccccc3)C(=O)N(C)[C@@H](C)C(=O)O,,,
c1(cc(C=C(C)N(C(C(=O)O)CO)C2=O)c2c3O)c3c(c(O)c(C(=O)c(c(O)c(OC)cc4)c4O5)c5c6O)c6CC1,Polyketides,Polycyclic aromatic polyketides,Ericamycins
[C@@H]1(O)[C@@](O)(C)\C=C\C(=O)O[C@@]([H])(C[C@]2(O[C@@H](C[C@H](O)CC)CCC2)O3)[C@H](C)[C@]3([H])C[C@](O)(OC[C@@H](C)C4)[C@]4([H])\C=C\CCC[C@@](C)(O)[C@H](O)[C@@H](O)[C@H](O)[C@H]1C,Polyketides,Macrolides,Oligomycins
[C@@H]1(O)[C@@](O)(C)\C=C\C(=O)O[C@@]([H])(C[C@]2(O[C@@H](C[C@H](O)CC)[C@@H](C)CC2)O3)[C@H](C)[C@]3([H])CC(OC[C@@H](C)C4)=C4\C=C\CCC[C@@](C)(O)[C@H](O)C[C@H](O)[C@H]1C,Polyketides,Macrolides,Oligomycins
c1cc([C@]([H])(c2c(c(O)cc(C)c3)c3ccc2O)OC4=O)c4c(OC)c1,,,
c1cc([C@@]([H])(c2c(c(O)cc(C)c3)c3ccc2O)OC4=O)c4c(OC)c1,,,
c1cc([C@]([H])(c2c(C(=O)C[C@@](O)(C)C3)c3ccc2O)OC4=O)c4c(OC)c1,Polyketides,Polycyclic aromatic polyketides,Angucyclines
c1cc([C@@]([H])(c2c(C(=O)C[C@@](O)(C)C3)c3ccc2O)OC4=O)c4c(OC)c1,Polyketides,Polycyclic aromatic polyketides,Angucyclines
c1(OC)c(O)cc2c(O[C@H]([C@@H](C)\C=C(/C)\[C@H](OC(=O)N)[C@@H](OC)C[C@@H](O)\C=C(/C)\C(=O)N2)[C@@H](OC)C[C@H](C)C3)c13,Polyketides,Macrolides,Ansa macrolides
c1(OC)c(O)cc2c(O[C@H]([C@@H](C)\C=C(/C)\[C@H](OC(=O)N)[C@@H](OC)CC\C=C(/C)\C(=O)N2)[C@@H](OC)C[C@H](C)C3)c13,Polyketides,Macrolides,Ansa macrolides
c1(OC)c(O)cc2c(O[C@H]([C@@H](C)\C=C(/C)\[C@H](OC(=O)N)[C@@H](OC)\C=C/C=C(\C)/C(=O)N2)[C@@H](OC)C[C@H](C)C3)c13,Polyketides,Macrolides,Ansa macrolides
c1(OC)c(O)cc2c(O[C@H]([C@@H](C)\C=C(/C)\[C@H](OC(=O)N)[C@@H](\C=C\C=C(/C)\C(=O)N2)OC)[C@@H](OC)C[C@H](C)C3)c13,Polyketides,Macrolides,Ansa macrolides
c1(OC)c(O)cc2c(O[C@H]([C@@H](C)\C=C(/C)\[C@H](OC(=O)N)[C@H](\C=C/C=C(/C)\C(=O)N2)OC)[C@@H](OC)C[C@H](C)C3)c13,Polyketides,Macrolides,Ansa macrolides
C1[C@]2(O[C@H]3[C@H](C)C(=O)C2)Oc(c4NC(=O)C\C=C(/C)\C(=O)O[C@H]([C@@H](O)C)\C=C\[C@H](CC)C1)c3cc(O)c4,Amino acids and Peptides,Macrolides,Ansa macrolides
c1(c(O)c(O[C@]2(Oc(c(O)c(C(=O)OC(C)=C3)c3c4)c4CC2)[C@H]5O)c5c6O)c6C(=O)C=C(OC)C1=O,Shikimates and Phenylpropanoids,Coumarins,Isocoumarins
C1(O)CC(C2)OC(O)(C(O)C2O)C(=O)C(O)C(C)CCC(O)CCCC(O)CC(O)C(C)\C=C\C(=O)OC(C(C)C(O)C(C)C(O)C(C)C(OC3CC(C)(O)C(OC4OC(C)C(OC(=O)C(C)C(OC5CCC(O)C(C)O5)c6cc(C(=O)C=C(C)C7=O)c7cc6)CC4)C(C)O3)CC)C(C)\C=C\C(O)CCCC(O)CC(O)C1,Polyketides,Macrolides,Macrolide lactones
C1(O)CC(C2)OC(O)(CC2O)C(=O)C(O)C(C)CCC(O)CCCC(O)CC(O)C(C)\C=C\C(=O)OC(C(C)C(O)C(C)C(O)C(C)C(OC3CC(C)(O)C(OC4OC(C)C(OC(=O)C(C)C(OC5CCC(O)C(C)O5)c6cc(C(=O)C=C(C)C7=O)c7cc6)CC4)C(C)O3)CC)C(C)\C=C\C(O)CCCC(O)CC(O)C1,Polyketides,Macrolides,Macrolide lactones
C1(O)CC(C2)OC(O)(C(O)C2O)C(=O)C(O)C(C)CCC(O)CCCC(O)CC(O)C(C)\C=C\C(=O)OC(C(C)C(O)C(C)C(O)C(C)C(OC3CC(C)(O)C(OC4OC(C)C(OC(=O)C(CC)C(OC5CCC(O)C(C)O5)c6cc(C(=O)C=C(C)C7=O)c7cc6)CC4)C(C)O3)CC)C(C)\C=C\C(O)CCCC(O)CC(O)C1,Polyketides,Macrolides,Macrolide lactones
[C@@H]1(O[C@@H]2[C@H](O)[C@@H](O)[C@H](O[C@@H]3[C@H](O)[C@@H](O)[C@H](O[C@@H]4[C@H](O)[C@@H](O)[C@H](O[C@@H]5[C@H](O)[C@@H](O)[C@H](N[C@@H]6[C@H](O)[C@@H](O)[C@H](O)C(CO)=C6)[C@@H](C)O5)[C@@H](COC(=O)C(C)C)O4)[C@@H](CO)O3)[C@@H](CO)O2)[C@@H](CO)OC(O)[C@H](O)[C@H]1O,Carbohydrates,Saccharides,Polysaccharides
[C@@H]1(O[C@@H]2[C@H](O)[C@@H](O)[C@H](O[C@@H]3[C@H](O)[C@@H](O)[C@H](O[C@@H]4[C@H](O)[C@@H](O)[C@H](O[C@@H]5[C@H](O)[C@@H](O)[C@H](N[C@@H]6[C@H](O)[C@@H](O)[C@H](O)C(CO)=C6)[C@@H](C)O5)[C@@H](COC(=O)C(CC)C)O4)[C@@H](CO)O3)[C@@H](CO)O2)[C@@H](CO)OC(O)[C@H](O)[C@H]1O,Carbohydrates,Saccharides,Polysaccharides
[C@@H]1(O[C@@H]2[C@H](O)[C@@H](O)[C@H](O[C@@H]3[C@H](O)[C@@H](O)[C@H](O[C@@H]4[C@H](O)[C@@H](O)[C@H](O[C@@H]5[C@H](O)[C@@H](O)[C@H](N[C@@H]6[C@H](O)[C@@H](O)[C@H](O[C@@H]7[C@H](O)[C@@H](O)[C@H](O[C@@H]8[C@H](O)[C@@H](O)[C@H](N[C@@H]9[C@H](O)[C@@H](O)[C@H](O)C(CO)=C9)[C@@H](C)O8)[C@@H](CO)O7)C(CO)=C6)[C@@H](C)O5)[C@@H](COC(=O)C(C)C)O4)[C@@H](CO)O3)[C@@H](CO)O2)[C@@H](CO)OC(O)[C@H](O)[C@H]1O,Carbohydrates,Saccharides,Polysaccharides
c1(c(CNC2=O)c2c(c(cccc3)c3n4\C(\C(=O)N)=C/c5ccc(O)c(OC)c5)c46)c6[nH]c(cccc7)c17,Alkaloids,Tryptophan alkaloids,Carbazole alkaloids
c1(c([C@@H](C)NC2=O)c2c(c(cccc3)c3[nH]4)c45)c5[nH]c(cccc6)c16,Alkaloids,Tryptophan alkaloids,Carbazole alkaloids
c1(c(C(=O)NC2=O)c2c(c(cccc3)c3n4[C@H]5C[C@@H](NC(=O)C)[C@@H](O)[C@H](C)O5)c46)c6[nH]c(cccc7)c17,Alkaloids,Tryptophan alkaloids,Carbazole alkaloids
c1(c(CNC2=O)c23)c(n([C@]4(C)O[C@H]5C[C@H](N6CC[C@@H](O)C6=O)[C@@H]4OC)c(cccc7)c17)c(n58)c3c(cccc9)c89,Alkaloids,Tryptophan alkaloids,Carbazole alkaloids
c1(c(CNC2=O)c23)c(n([C@@]4(C)O[C@@H]5C[C@@H](NC(=O)C(c6c[nH]c(cccc7)c67)=O)[C@H]4OC)c(cccc8)c18)c(n59)c3c(cccc%10)c9%10,Alkaloids,Tryptophan alkaloids,Carbazole alkaloids
c1(c([C@H](OC)NC2=O)c23)c(n([C@@]4(C)O[C@@H]5[C@H](O)[C@H](O)[C@H]4OC)c(cccc6)c16)c(n57)c3c(cccc8)c78,Alkaloids,Tryptophan alkaloids,Carbazole alkaloids
c1(c([C@@H](OC)NC2=O)c23)c(n([C@@]4(C)O[C@@H]5[C@H](O)[C@H](O)[C@H]4OC)c(cccc6)c16)c(n57)c3c(cccc8)c78,Alkaloids,Tryptophan alkaloids,Carbazole alkaloids
c1(c([C@H](O)NC2=O)c23)c(n([C@@]4(C)O[C@@H]5[C@H](O)[C@H](O)[C@H]4OC)c(cccc6)c16)c(n57)c3c(cccc8)c78,Alkaloids,Tryptophan alkaloids,Carbazole alkaloids
c1(c([C@@H](O)NC2=O)c23)c(n([C@@]4(C)O[C@@H]5[C@H](O)[C@H](O)[C@H]4OC)c(cccc6)c16)c(n57)c3c(cccc8)c78,Alkaloids,Tryptophan alkaloids,Carbazole alkaloids
c1(c([C@@H](OC)NC2=O)c2c(c(cccc3)c3n4[C@H]5[C@H](O)[C@H](O)[C@@H](O)[C@H](C)O5)c46)c6[nH]c(cccc7)c17,Alkaloids,Tryptophan alkaloids,Carbazole alkaloids
c1(c([C@H](O)NC2=O)c2c(c(cccc3)c3n4[C@H]5[C@H](O)[C@H](O)[C@@H](O)[C@H](C)O5)c46)c6[nH]c(cccc7)c17,Alkaloids,Tryptophan alkaloids,Carbazole alkaloids
c1(c(CNC2=O)c23)c(n([C@]4(OC)C[C@H]5OC(O)(C)[C@H]4OC)c(cccc6)c16)c(n57)c3c(cccc8)c78,Alkaloids,Tryptophan alkaloids,Carbazole alkaloids
c1(c(CNC2=O)c23)c(n4c(cccc5)c15)c(n6[C@H](O[C@]47C)CC78C(=O)Oc(cccc9C(OC)=O)c9N8)c3c(cccc%10)c6%10,,,
c1(c(CNC2=O)c23)c(n4c(cccc5)c15)c(n6[C@@H](CC(=O)NC)O[C@]4(C(=O)OC)C)c3c(cccc7)c67,Alkaloids,Tryptophan alkaloids,Carbazole alkaloids
[C@@]1(Cl)(C)[C@H]2C[C@@H](O[C@H]3CC[C@H](N(C)C)[C@@H](C)O3)[C@H](\C=C(/CC[C@@H](O)[C@](O[C@H]4CC[C@H](N(C)C)[C@@H](C)O4)(C)C(\C=C(\N[C@](C(SC5)=N[C@@H]5C(=O)O2)(C)[C@H]6OC)/S6)=S)\C)[C@H]1C,Polyketides,Macrolides,Erythromycins
C1(=N\C(=C/c2c(C)c3)\[C@@]([C@@]4([H])[C@H](OC(C)=O)C[C@@H](O)[C@@H](C)O4)(C)C1=O)\C=C/5\C(C)=C\C(=C\C6=N\C(\C(=O)[C@]6([C@@]7([H])[C@H](O)[C@H](O)[C@@H](O)[C@@H](C)O7)C)=C/c3[nH]2)\N5,,,
C1(=N\C(=C/c2c(C)c3)\[C@@]([C@@]4([H])[C@H](O)[C@H](O)[C@@H](O)[C@@H](C)O4)(C)C1=O)\C=C/5\C(C)=C\C(=C\C6=N\C(\C(=O)[C@]6([C@@]7([H])[C@H](OC(C)=O)C[C@@H](O)[C@@H](C)O7)C)=C/c3[nH]2)\N5,,,
C1(=N\C(=C/c2c(C)c3)\[C@@]([C@@]4([H])[C@H](OC(C)=O)C[C@@H](O)[C@@H](C)O4)(C)C1=O)\C=C/5\C(C)=C\C(=C\C6=N\C(\C(=O)[C@]6([C@@]7([H])[C@H](O)[C@@H](O)[C@@H](O)[C@@H](C)O7)C)=C/c3[nH]2)\N5,,,
C1(=N\C(=C/c2c(C)c3)\[C@@]([C@@]4([H])[C@H](O)[C@@H](O)[C@@H](O)[C@@H](C)O4)(C)C1=O)\C=C/5\C(C)=C\C(=C\C6=N\C(\C(=O)[C@]6([C@@]7([H])[C@H](OC(C)=O)C[C@@H](O)[C@@H](C)O7)C)=C/c3[nH]2)\N5,,,
c1(nc(cc([nH]c2cc(cc3C)nc3cc(C=C(C)c45)[nH]4)c(C)c2)c(C)c1)c5,Alkaloids,Tryptophan alkaloids,Carboline alkaloids
c1(nc(cc([nH]c2cc(C(=O)[C@]3(C)O)nc3cc(C=C(C)c45)[nH]4)c(C)c2)c(C)c1)c5,Alkaloids,Tryptophan alkaloids,Carboline alkaloids
c1(nc(cc([nH]c2cc(C(=O)[C@]3(C)OC(=O)C)nc3cc(C=C(C)c45)[nH]4)c(C)c2)c(C)c1)c5,Alkaloids,Tryptophan alkaloids,Carboline alkaloids
[C@@H]1(NC(=O)CNC(=O)[C@@H](NC(=O)C2CC(CNC(=O)CNC(=O)[C@@H]([C@@H](C)CC)NC(=O)[C@H](Cc3c[nH]c(cccc4)c34)NC(=O)[C@@H](NC(CN)=O)CSC2)=O)CCCN)C(=O)NCC(=O)N[C@@H](Cc5ccccc5)C(=O)N[C@H](C(C)C)C(=O)NC(C(N[C@H](C(=O)N[C@@H]([C@H](O)C)C(=O)O)CCCN)=O)C(C)SC1,Amino acids and Peptides,Oligopeptides,Cyclic peptides
[C@]1(O)(C)C[C@@]2(C[C@@]13O[C@@]2(O[C@H]([C@@H](C)CC[C@H](OC)c4cc(O)ccc4)[C@H]5C)C[C@@H]5OC(=O)C[C@H]([C@H](O)C)OC(=O)C3)C,Polyketides,Macrolides,Aplysiatoxins
[C@]12(O[C@@](C)(C(=O)CC(=O)O[C@@H]3CC(=O)O[C@@H]3C)CC1(C)C)O[C@H]([C@@H](CC[C@H](OC)c4cc(O)ccc4)C)[C@@H](C)C=C2,Polyketides,Macrolides,Aplysiatoxins
C1C(=O)C[C@@H](OC(=O)[C@H]([C@@]2(O[C@H]([C@@H](C)CC[C@H](OC)c3c(Br)ccc(O)c3)[C@H]4C)C[C@H]14)C(=O)[C@@](O)(C)CC2(C)C)[C@H](O)C,Polyketides,Macrolides,Aplysiatoxins
C1CCC(OCC)CC(O)CC\C=C\CCCC(C)OC(=O)\C=C/CCCC(=O)CC1,,,
C1CCC(OCC(C)C)CC(Oc2cocc2)CC\C=C\CCCC(C)OC(=O)\C=C/CCCC(OCCC(=O)OCCC)CC1,,,
C1CCC(OCC(C)C)CC(Oc2cocc2)CC\C=C\CCCC(C)OC(=O)\C=C/CCCC(C)(OCCC(=O)OCCC)CC1,,,
[C@]1([H])(C[C@@]([H])([C@H](c(cc(C(=O)OC)c2)cc2)OC(=O)\C=C\C=C\C(=O)CC[C@H](O)CC[C@H]3O)C(\C(\C(C)C)=C/C3)=C4)[C@]4([H])COC1,Terpenoids,Diterpenoids,Cembrane diterpenoids
[C@]1([H])(O[C@@]([H])([C@H](c(c(O)c(C(=O)OC)c2)cc2)OC(=O)CCCC[C@H](C(=O)OCC)CC[C@H](O)CC[C@H]3O)C(\C(\CC)=C/C3)=C4)[C@]4([H])COC1,,,
[C@]1([H])(OC(C)([C@H](c(c(O)c(C(=O)OC)c2)cc2)OC(=O)CCCC[C@H](C(=O)OCC)CCCCC[C@H]3O)C(\C(\CC)=C/C3)C4)[C@]4([H])COC1,,,
CC[C@@H](C)CCCCCCC(=O)c1nc[nH]c1,Alkaloids,Histidine alkaloids,Imidazole alkaloids
CC[C@H](C)CCCCCCC(=O)c1nc[nH]c1,Alkaloids,Histidine alkaloids,Imidazole alkaloids
CCCCCCCCCC(=O)c1nc[nH]c1,,,
CC(C)CCCCCCC(=O)c1nc[nH]c1,,,
c1(Br)cc(\C=C\C=C\C=C\C=C\C(=O)N[C@H]2C(=O)C[C@]([H])(C(CC)C)C(=O)N[C@@H](CC(N)=O)C(=O)N[C@H](CC(=O)N)C(=O)N[C@H]([C@@H](C)CC)C(=O)O[C@@H]2C)cc(Br)c1O,Amino acids and Peptides,Oligopeptides,Cyclic peptides
c1(Br)cc(\C=C\C=C\C=C\C=C\C(=O)N[C@H]2C(=O)C[C@]([H])(C(CC)C)C(=O)N[C@@H](CC(N)=O)C(=O)N[C@H](CC(=O)N)C(=O)N[C@H](CC(C)C)C(=O)O[C@@H]2C)cc(Br)c1O,Amino acids and Peptides,Oligopeptides,Cyclic peptides
N1C(=O)C(CC(C)C)NC(=O)C(CCN)NC(=O)\C(=C/C)\NC(=O)C(NC(CCCCCCC)=O)C(O)CNC(=O)C(C(CN)O)NC(=O)C(C(CN)O)NC(=O)C1CCCNC(=N)N,Amino acids and Peptides,Oligopeptides,Cyclic peptides
N1C(=O)C(CC(C)C)NC(=O)C(CCN)NC(=O)\C(=C/C)\NC(=O)C(NC(CCCCCCCC)=O)C(O)CNC(=O)C(C(CN)O)NC(=O)C(C(CN)O)NC(=O)C1CCCNC(=N)N,Amino acids and Peptides,Oligopeptides,Cyclic peptides
N1C(=O)C(CC(C)C)NC(=O)C(CCN)NC(=O)\C(=C/C)\NC(=O)C(NC(CCC\C=C/CCCC)=O)C(O)CNC(=O)C(C(CN)O)NC(=O)C(C(CN)O)NC(=O)C1CCCNC(=N)N,Amino acids and Peptides,Oligopeptides,Cyclic peptides
N1C(=O)C(CC(C)C)NC(=O)C(CCN)NC(=O)\C(=C/C)\NC(=O)C(NC(CCCCCCCCC)=O)C(O)CNC(=O)C(C(CN)O)NC(=O)C(C(CN)O)NC(=O)C1CCCNC(=N)N,Amino acids and Peptides,Oligopeptides,Cyclic peptides
N1C(=O)C(CC(C)C)NC(=O)C(CCN)NC(=O)\C(=C/C)\NC(=O)C(NC(CC(O)CCCCCCC)=O)C(O)CNC(=O)C(C(CN)O)NC(=O)C(C(CN)O)NC(=O)C1CCCNC(=N)N,Amino acids and Peptides,Oligopeptides,Cyclic peptides
N1C(=O)C(CC(C)C)NC(=O)C(CCN)NC(=O)\C(=C/C)\NC(=O)C(NC(CCC\C=C/CCCCCC)=O)C(O)CNC(=O)C(C(CN)O)NC(=O)C(C(CN)O)NC(=O)C1CCCNC(=N)N,Amino acids and Peptides,Oligopeptides,Cyclic peptides
N1C(=O)C(CC(C)C)NC(=O)C(CCN)NC(=O)\C(=C/C)\NC(=O)C(NC(CCCCCCCCCCC)=O)C(O)CNC(=O)C(C(CN)O)NC(=O)C(C(CN)O)NC(=O)C1CCCNC(=N)N,Amino acids and Peptides,Oligopeptides,Cyclic peptides
C1(=O)N[C@H]([C@H](CC)C)C(=O)N[C@@H](CC(N)=O)C(=O)N[C@H](CC(=O)N)C(=O)N[C@H]([C@@H](C)CC)C(=O)O[C@H](C)[C@H]1NC(=O)\C=C\C=C\C=C\C=C\c2cc(Br)c(O)cc2,Amino acids and Peptides,Oligopeptides,Cyclic peptides
C1(=O)N[C@H]([C@H](CC)C)C(=O)N[C@@H](CC(N)=O)C(=O)N[C@H](CC(=O)N)C(=O)N[C@H](CC(C)C)C(=O)O[C@H](C)[C@H]1NC(=O)\C=C\C=C\C=C\C=C\c2cc(Br)c(O)cc2,Amino acids and Peptides,Oligopeptides,Cyclic peptides
C1CC[C@](CC)(C)CCC([C@H](COc2ccccc2C(=O)OC)CC(=O)OC1)=O,,,
C(C)(C)C[C@H](NC(CC(O)CCCCC\C=C/CCCCCCCC)=O)C(=O)O,Fatty acids,Fatty amides,N-acyl amines
[C@@H]([C@H](CC)C)(N)C(=O)N[C@@H](C)C(=O)N[C@@H]1C(=O)N[C@@H](CCCNC(N)=N)C(=O)N[C@@H](CCCCNC(=O)CC[C@@H](C(=O)NCC(=O)N[C@@H](Cc2ccccc2)C(=O)N[C@@H](CO)C(=O)O)NC3=O)C(=O)N[C@@H](C)C(=O)N4[C@@H](CCC4)C(=O)N[C@@H](COC(=O)C[C@@H]3NC(=O)[C@H](CC(=O)O)NC5=O)C(=O)N[C@H]5CC(=O)O[C@@H]1C,Amino acids and Peptides,Oligopeptides,Cyclic peptides
c1c(OC)c(\C=C(\C=C2CCCCC(C)C)/N=C2C)[nH]c1c3[nH]ccc3,Alkaloids,Proline alkaloids,Prodigiosins
c1ccccc1C[C@@H](O)C(=O)NCCC(=O)N[C@H](Cc2c(cccc3)c3[nH]c2)[C@H](O)CC(=O)N[C@H](CCCNC(N)=N)C(=O)N[C@H]([C@@H](c4ccccc4)O)C(=O)O,Amino acids and Peptides,Oligopeptides,Linear peptides
